year,age,population
1990,0,24.491
1990,1,25.007
1990,2,24.999
1990,3,24.546
1990,4,23.732
1990,5,22.632
1990,6,21.328
1990,7,19.897
1990,8,18.421
1990,9,16.979
1990,10,15.460
1990,11,13.761
1990,12,12.895
1990,13,13.316
1990,14,14.544
1990,15,15.677
1990,16,16.940
1990,17,17.687
1990,18,17.510
1990,19,16.747
1990,20,16.119
1990,21,15.476
1990,22,14.925
1990,23,14.592
1990,24,14.385
1990,25,14.094
1990,26,13.766
1990,27,13.392
1990,28,12.942
1990,29,12.444
1990,30,11.955
1990,31,11.470
1990,32,10.981
1990,33,10.500
1990,34,10.023
1990,35,9.551
1990,36,9.073
1990,37,8.658
1990,38,8.340
1990,39,8.084
1990,40,7.829
1990,41,7.591
1990,42,7.320
1990,43,6.984
1990,44,6.612
1990,45,6.255
1990,46,5.902
1990,47,5.572
1990,48,5.272
1990,49,4.998
1990,50,4.725
1990,51,4.466
1990,52,4.192
1990,53,3.895
1990,54,3.585
1990,55,3.290
1990,56,2.994
1990,57,2.753
1990,58,2.599
1990,59,2.495
1990,60,2.395
1990,61,2.312
1990,62,2.193
1990,63,2.006
1990,64,1.781
1990,65,1.574
1990,66,1.371
1990,67,1.201
1990,68,1.084
1990,69,1.007
1990,70,0.927
1990,71,0.856
1990,72,0.778
1990,73,0.687
1990,74,0.588
1990,75,0.499
1990,76,0.420
1990,77,0.348
1990,78,0.286
1990,79,0.237
1990,80,0.189
1990,81,0.144
1990,82,0.112
1990,83,0.093
1990,84,0.085
1990,85,0.080
1990,86,0.079
1990,87,0.075
1990,88,0.061
1990,89,0.042
1990,90,0.022
1990,91,0.014
1990,92,0.005
1990,93,0.003
1990,94,0.002
1990,95,0.001
1990,96,0.002
1990,97,0.001
1990,98,0.003
1990,99,0.000
1990,100,0.000
1991,0,25.711
1991,1,24.762
1991,2,24.956
1991,3,24.769
1991,4,24.256
1991,5,23.471
1991,6,22.495
1991,7,21.412
1991,8,20.132
1991,9,18.656
1991,10,17.123
1991,11,15.560
1991,12,13.835
1991,13,12.951
1991,14,13.367
1991,15,14.599
1991,16,15.733
1991,17,16.994
1991,18,17.738
1991,19,17.557
1991,20,16.789
1991,21,16.156
1991,22,15.508
1991,23,14.954
1991,24,14.618
1991,25,14.409
1991,26,14.116
1991,27,13.786
1991,28,13.410
1991,29,12.956
1991,30,12.456
1991,31,11.964
1991,32,11.475
1991,33,10.984
1991,34,10.499
1991,35,10.021
1991,36,9.546
1991,37,9.065
1991,38,8.648
1991,39,8.327
1991,40,8.070
1991,41,7.812
1991,42,7.572
1991,43,7.299
1991,44,6.960
1991,45,6.585
1991,46,6.227
1991,47,5.871
1991,48,5.538
1991,49,5.236
1991,50,4.959
1991,51,4.684
1991,52,4.423
1991,53,4.146
1991,54,3.848
1991,55,3.538
1991,56,3.241
1991,57,2.946
1991,58,2.703
1991,59,2.547
1991,60,2.439
1991,61,2.337
1991,62,2.251
1991,63,2.132
1991,64,1.944
1991,65,1.723
1991,66,1.519
1991,67,1.318
1991,68,1.150
1991,69,1.035
1991,70,0.956
1991,71,0.877
1991,72,0.806
1991,73,0.730
1991,74,0.641
1991,75,0.546
1991,76,0.461
1991,77,0.384
1991,78,0.317
1991,79,0.258
1991,80,0.212
1991,81,0.169
1991,82,0.127
1991,83,0.099
1991,84,0.080
1991,85,0.073
1991,86,0.068
1991,87,0.068
1991,88,0.064
1991,89,0.052
1991,90,0.036
1991,91,0.018
1991,92,0.011
1991,93,0.005
1991,94,0.002
1991,95,0.002
1991,96,0.002
1991,97,0.001
1991,98,0.002
1991,99,0.000
1991,100,0.000
1992,0,28.044
1992,1,27.724
1992,2,25.002
1992,3,24.870
1992,4,24.502
1992,5,23.927
1992,6,23.174
1992,7,22.325
1992,8,21.467
1992,9,20.343
1992,10,18.870
1992,11,17.245
1992,12,15.640
1992,13,13.892
1992,14,12.989
1992,15,13.401
1992,16,14.635
1992,17,15.767
1992,18,17.025
1992,19,17.765
1992,20,17.582
1992,21,16.808
1992,22,16.171
1992,23,15.520
1992,24,14.963
1992,25,14.624
1992,26,14.414
1992,27,14.118
1992,28,13.787
1992,29,13.409
1992,30,12.954
1992,31,12.450
1992,32,11.956
1992,33,11.465
1992,34,10.971
1992,35,10.485
1992,36,10.005
1992,37,9.527
1992,38,9.045
1992,39,8.625
1992,40,8.304
1992,41,8.043
1992,42,7.785
1992,43,7.542
1992,44,7.267
1992,45,6.927
1992,46,6.549
1992,47,6.188
1992,48,5.832
1992,49,5.496
1992,50,5.192
1992,51,4.913
1992,52,4.636
1992,53,4.372
1992,54,4.095
1992,55,3.796
1992,56,3.484
1992,57,3.188
1992,58,2.891
1992,59,2.650
1992,60,2.490
1992,61,2.380
1992,62,2.275
1992,63,2.186
1992,64,2.065
1992,65,1.881
1992,66,1.661
1992,67,1.460
1992,68,1.263
1992,69,1.097
1992,70,0.983
1992,71,0.904
1992,72,0.824
1992,73,0.755
1992,74,0.679
1992,75,0.594
1992,76,0.503
1992,77,0.421
1992,78,0.348
1992,79,0.284
1992,80,0.230
1992,81,0.187
1992,82,0.147
1992,83,0.111
1992,84,0.084
1992,85,0.068
1992,86,0.061
1992,87,0.056
1992,88,0.055
1992,89,0.053
1992,90,0.043
1992,91,0.030
1992,92,0.014
1992,93,0.009
1992,94,0.004
1992,95,0.001
1992,96,0.002
1992,97,0.002
1992,98,0.000
1992,99,0.000
1992,100,0.000
1993,0,30.934
1993,1,29.557
1993,2,28.207
1993,3,25.136
1993,4,24.675
1993,5,24.127
1993,6,23.491
1993,7,22.774
1993,8,22.057
1993,9,21.430
1993,10,20.467
1993,11,19.004
1993,12,17.294
1993,13,15.653
1993,14,13.889
1993,15,12.971
1993,16,13.377
1993,17,14.608
1993,18,15.733
1993,19,16.983
1993,20,17.717
1993,21,17.529
1993,22,16.754
1993,23,16.117
1993,24,15.465
1993,25,14.907
1993,26,14.567
1993,27,14.356
1993,28,14.060
1993,29,13.728
1993,30,13.350
1993,31,12.895
1993,32,12.391
1993,33,11.896
1993,34,11.405
1993,35,10.911
1993,36,10.425
1993,37,9.945
1993,38,9.468
1993,39,8.984
1993,40,8.566
1993,41,8.242
1993,42,7.983
1993,43,7.723
1993,44,7.479
1993,45,7.204
1993,46,6.863
1993,47,6.484
1993,48,6.124
1993,49,5.766
1993,50,5.430
1993,51,5.126
1993,52,4.845
1993,53,4.567
1993,54,4.303
1993,55,4.025
1993,56,3.725
1993,57,3.416
1993,58,3.120
1993,59,2.825
1993,60,2.583
1993,61,2.422
1993,62,2.310
1993,63,2.202
1993,64,2.111
1993,65,1.990
1993,66,1.807
1993,67,1.593
1993,68,1.394
1993,69,1.202
1993,70,1.039
1993,71,0.926
1993,72,0.847
1993,73,0.768
1993,74,0.699
1993,75,0.626
1993,76,0.543
1993,77,0.457
1993,78,0.379
1993,79,0.310
1993,80,0.250
1993,81,0.200
1993,82,0.161
1993,83,0.126
1993,84,0.093
1993,85,0.069
1993,86,0.055
1993,87,0.048
1993,88,0.043
1993,89,0.044
1993,90,0.042
1993,91,0.033
1993,92,0.023
1993,93,0.010
1993,94,0.007
1993,95,0.002
1993,96,0.002
1993,97,0.001
1993,98,0.000
1993,99,0.001
1993,100,0.000
1994,0,33.537
1994,1,31.195
1994,2,29.158
1994,3,27.399
1994,4,25.098
1994,5,24.312
1994,6,23.586
1994,7,22.896
1994,8,22.218
1994,9,21.639
1994,10,21.245
1994,11,20.452
1994,12,19.007
1994,13,17.224
1994,14,15.559
1994,15,13.790
1994,16,12.865
1994,17,13.261
1994,18,14.481
1994,19,15.592
1994,20,16.824
1994,21,17.546
1994,22,17.357
1994,23,16.587
1994,24,15.951
1994,25,15.304
1994,26,14.749
1994,27,14.410
1994,28,14.200
1994,29,13.905
1994,30,13.576
1994,31,13.200
1994,32,12.746
1994,33,12.248
1994,34,11.755
1994,35,11.266
1994,36,10.777
1994,37,10.293
1994,38,9.817
1994,39,9.343
1994,40,8.864
1994,41,8.446
1994,42,8.127
1994,43,7.866
1994,44,7.609
1994,45,7.365
1994,46,7.091
1994,47,6.753
1994,48,6.375
1994,49,6.017
1994,50,5.661
1994,51,5.327
1994,52,5.024
1994,53,4.744
1994,54,4.467
1994,55,4.204
1994,56,3.927
1994,57,3.631
1994,58,3.323
1994,59,3.032
1994,60,2.738
1994,61,2.499
1994,62,2.339
1994,63,2.224
1994,64,2.114
1994,65,2.022
1994,66,1.901
1994,67,1.721
1994,68,1.513
1994,69,1.319
1994,70,1.132
1994,71,0.974
1994,72,0.863
1994,73,0.785
1994,74,0.707
1994,75,0.638
1994,76,0.568
1994,77,0.489
1994,78,0.408
1994,79,0.336
1994,80,0.270
1994,81,0.214
1994,82,0.169
1994,83,0.133
1994,84,0.103
1994,85,0.075
1994,86,0.054
1994,87,0.041
1994,88,0.035
1994,89,0.031
1994,90,0.031
1994,91,0.030
1994,92,0.024
1994,93,0.016
1994,94,0.006
1994,95,0.004
1994,96,0.002
1994,97,0.001
1994,98,0.001
1994,99,0.001
1994,100,0.000
1995,0,35.200
1995,1,32.311
1995,2,29.881
1995,3,27.859
1995,4,26.197
1995,5,24.840
1995,6,23.741
1995,7,22.848
1995,8,22.109
1995,9,21.477
1995,10,21.037
1995,11,20.878
1995,12,20.256
1995,13,18.843
1995,14,17.004
1995,15,15.330
1995,16,13.572
1995,17,12.648
1995,18,13.031
1995,19,14.228
1995,20,15.316
1995,21,16.521
1995,22,17.224
1995,23,17.035
1995,24,16.276
1995,25,15.649
1995,26,15.011
1995,27,14.464
1995,28,14.130
1995,29,13.921
1995,30,13.631
1995,31,13.307
1995,32,12.936
1995,33,12.490
1995,34,11.998
1995,35,11.513
1995,36,11.032
1995,37,10.550
1995,38,10.073
1995,39,9.605
1995,40,9.139
1995,41,8.666
1995,42,8.256
1995,43,7.940
1995,44,7.684
1995,45,7.429
1995,46,7.189
1995,47,6.918
1995,48,6.584
1995,49,6.212
1995,50,5.859
1995,51,5.509
1995,52,5.179
1995,53,4.879
1995,54,4.603
1995,55,4.330
1995,56,4.070
1995,57,3.797
1995,58,3.505
1995,59,3.204
1995,60,2.917
1995,61,2.630
1995,62,2.395
1995,63,2.235
1995,64,2.120
1995,65,2.009
1995,66,1.917
1995,67,1.797
1995,68,1.622
1995,69,1.421
1995,70,1.234
1995,71,1.054
1995,72,0.901
1995,73,0.794
1995,74,0.716
1995,75,0.640
1995,76,0.574
1995,77,0.506
1995,78,0.432
1995,79,0.356
1995,80,0.289
1995,81,0.228
1995,82,0.177
1995,83,0.137
1995,84,0.106
1995,85,0.079
1995,86,0.057
1995,87,0.039
1995,88,0.027
1995,89,0.022
1995,90,0.018
1995,91,0.019
1995,92,0.018
1995,93,0.014
1995,94,0.009
1995,95,0.002
1995,96,0.002
1995,97,0.001
1995,98,0.000
1995,99,0.001
1995,100,0.000
1996,0,36.743
1996,1,34.483
1996,2,31.883
1996,3,29.649
1996,4,27.744
1996,5,26.133
1996,6,24.762
1996,7,23.581
1996,8,22.627
1996,9,21.892
1996,10,21.297
1996,11,20.855
1996,12,20.677
1996,13,20.009
1996,14,18.518
1996,15,16.580
1996,16,14.805
1996,17,12.949
1996,18,11.918
1996,19,12.188
1996,20,13.272
1996,21,14.251
1996,22,15.348
1996,23,15.981
1996,24,15.775
1996,25,15.039
1996,26,14.438
1996,27,13.833
1996,28,13.330
1996,29,13.053
1996,30,12.908
1996,31,12.689
1996,32,12.444
1996,33,12.139
1996,34,11.735
1996,35,11.271
1996,36,10.818
1996,37,10.367
1996,38,9.920
1996,39,9.485
1996,40,9.064
1996,41,8.642
1996,42,8.212
1996,43,7.838
1996,44,7.554
1996,45,7.322
1996,46,7.092
1996,47,6.875
1996,48,6.625
1996,49,6.310
1996,50,5.955
1996,51,5.619
1996,52,5.283
1996,53,4.966
1996,54,4.678
1996,55,4.413
1996,56,4.150
1996,57,3.897
1996,58,3.634
1996,59,3.350
1996,60,3.058
1996,61,2.780
1996,62,2.501
1996,63,2.272
1996,64,2.116
1996,65,2.005
1996,66,1.897
1996,67,1.807
1996,68,1.690
1996,69,1.522
1996,70,1.328
1996,71,1.148
1996,72,0.975
1996,73,0.827
1996,74,0.725
1996,75,0.651
1996,76,0.578
1996,77,0.515
1996,78,0.451
1996,79,0.384
1996,80,0.315
1996,81,0.254
1996,82,0.202
1996,83,0.155
1996,84,0.120
1996,85,0.092
1996,86,0.069
1996,87,0.048
1996,88,0.033
1996,89,0.023
1996,90,0.018
1996,91,0.015
1996,92,0.016
1996,93,0.015
1996,94,0.012
1996,95,0.007
1996,96,0.002
1996,97,0.001
1996,98,0.001
1996,99,0.000
1996,100,0.000
1997,0,37.419
1997,1,34.606
1997,2,33.462
1997,3,31.174
1997,4,29.154
1997,5,27.384
1997,6,25.838
1997,7,24.465
1997,8,23.213
1997,9,22.207
1997,10,21.481
1997,11,20.928
1997,12,20.490
1997,13,20.292
1997,14,19.585
1997,15,18.031
1997,16,16.009
1997,17,14.150
1997,18,12.212
1997,19,11.085
1997,20,11.239
1997,21,12.200
1997,22,13.061
1997,23,14.041
1997,24,14.598
1997,25,14.378
1997,26,13.671
1997,27,13.102
1997,28,12.532
1997,29,12.081
1997,30,11.863
1997,31,11.783
1997,32,11.635
1997,33,11.472
1997,34,11.235
1997,35,10.879
1997,36,10.446
1997,37,10.028
1997,38,9.612
1997,39,9.202
1997,40,8.814
1997,41,8.444
1997,42,8.070
1997,43,7.684
1997,44,7.353
1997,45,7.101
1997,46,6.897
1997,47,6.692
1997,48,6.500
1997,49,6.274
1997,50,5.980
1997,51,5.647
1997,52,5.329
1997,53,5.011
1997,54,4.710
1997,55,4.436
1997,56,4.184
1997,57,3.932
1997,58,3.691
1997,59,3.438
1997,60,3.167
1997,61,2.886
1997,62,2.617
1997,63,2.350
1997,64,2.129
1997,65,1.979
1997,66,1.872
1997,67,1.769
1997,68,1.681
1997,69,1.569
1997,70,1.409
1997,71,1.222
1997,72,1.052
1997,73,0.887
1997,74,0.747
1997,75,0.650
1997,76,0.580
1997,77,0.511
1997,78,0.451
1997,79,0.393
1997,80,0.331
1997,81,0.272
1997,82,0.218
1997,83,0.172
1997,84,0.134
1997,85,0.102
1997,86,0.077
1997,87,0.057
1997,88,0.040
1997,89,0.027
1997,90,0.018
1997,91,0.014
1997,92,0.012
1997,93,0.012
1997,94,0.012
1997,95,0.010
1997,96,0.005
1997,97,0.001
1997,98,0.002
1997,99,0.000
1997,100,0.000
1998,0,37.455
1998,1,35.140
1998,2,33.060
1998,3,32.368
1998,4,30.393
1998,5,28.592
1998,6,26.958
1998,7,25.480
1998,8,24.109
1998,9,22.790
1998,10,21.734
1998,11,21.021
1998,12,20.510
1998,13,20.077
1998,14,19.860
1998,15,19.117
1998,16,17.504
1998,17,15.404
1998,18,13.468
1998,19,11.452
1998,20,10.234
1998,21,10.273
1998,22,11.110
1998,23,11.854
1998,24,12.715
1998,25,13.195
1998,26,12.962
1998,27,12.286
1998,28,11.749
1998,29,11.218
1998,30,10.816
1998,31,10.657
1998,32,10.641
1998,33,10.567
1998,34,10.483
1998,35,10.315
1998,36,10.004
1998,37,9.605
1998,38,9.222
1998,39,8.842
1998,40,8.470
1998,41,8.129
1998,42,7.811
1998,43,7.483
1998,44,7.146
1998,45,6.854
1998,46,6.636
1998,47,6.459
1998,48,6.281
1998,49,6.114
1998,50,5.910
1998,51,5.639
1998,52,5.329
1998,53,5.029
1998,54,4.729
1998,55,4.444
1998,56,4.187
1998,57,3.947
1998,58,3.708
1998,59,3.477
1998,60,3.237
1998,61,2.977
1998,62,2.708
1998,63,2.450
1998,64,2.195
1998,65,1.983
1998,66,1.839
1998,67,1.736
1998,68,1.637
1998,69,1.553
1998,70,1.445
1998,71,1.293
1998,72,1.116
1998,73,0.954
1998,74,0.798
1998,75,0.666
1998,76,0.574
1998,77,0.508
1998,78,0.444
1998,79,0.387
1998,80,0.334
1998,81,0.280
1998,82,0.227
1998,83,0.181
1998,84,0.144
1998,85,0.111
1998,86,0.084
1998,87,0.063
1998,88,0.045
1998,89,0.032
1998,90,0.020
1998,91,0.014
1998,92,0.010
1998,93,0.008
1998,94,0.009
1998,95,0.009
1998,96,0.007
1998,97,0.004
1998,98,0.002
1998,99,0.000
1998,100,0.000
1999,0,37.250
1999,1,35.558
1999,2,33.919
1999,3,32.335
1999,4,31.484
1999,5,29.806
1999,6,28.211
1999,7,26.701
1999,8,25.283
1999,9,23.904
1999,10,22.511
1999,11,21.400
1999,12,20.694
1999,13,20.222
1999,14,19.790
1999,15,19.555
1999,16,18.771
1999,17,17.088
1999,18,14.901
1999,19,12.874
1999,20,10.771
1999,21,9.453
1999,22,9.379
1999,23,10.100
1999,24,10.729
1999,25,11.481
1999,26,11.886
1999,27,11.639
1999,28,10.990
1999,29,10.479
1999,30,9.985
1999,31,9.630
1999,32,9.528
1999,33,9.576
1999,34,9.572
1999,35,9.568
1999,36,9.466
1999,37,9.200
1999,38,8.831
1999,39,8.481
1999,40,8.132
1999,41,7.798
1999,42,7.501
1999,43,7.230
1999,44,6.950
1999,45,6.655
1999,46,6.403
1999,47,6.215
1999,48,6.065
1999,49,5.912
1999,50,5.768
1999,51,5.587
1999,52,5.337
1999,53,5.045
1999,54,4.763
1999,55,4.479
1999,56,4.209
1999,57,3.964
1999,58,3.737
1999,59,3.509
1999,60,3.287
1999,61,3.057
1999,62,2.807
1999,63,2.549
1999,64,2.300
1999,65,2.055
1999,66,1.849
1999,67,1.712
1999,68,1.612
1999,69,1.516
1999,70,1.436
1999,71,1.332
1999,72,1.186
1999,73,1.017
1999,74,0.863
1999,75,0.715
1999,76,0.590
1999,77,0.502
1999,78,0.440
1999,79,0.380
1999,80,0.326
1999,81,0.277
1999,82,0.231
1999,83,0.185
1999,84,0.146
1999,85,0.117
1999,86,0.089
1999,87,0.066
1999,88,0.049
1999,89,0.034
1999,90,0.024
1999,91,0.014
1999,92,0.009
1999,93,0.006
1999,94,0.006
1999,95,0.005
1999,96,0.006
1999,97,0.005
1999,98,0.002
1999,99,0.001
1999,100,0.000
2000,0,37.108
2000,1,36.064
2000,2,34.910
2000,3,33.668
2000,4,32.353
2000,5,30.989
2000,6,29.592
2000,7,28.182
2000,8,26.781
2000,9,25.403
2000,10,24.000
2000,11,22.514
2000,12,21.334
2000,13,20.626
2000,14,20.187
2000,15,19.752
2000,16,19.494
2000,17,18.659
2000,18,16.885
2000,19,14.580
2000,20,12.438
2000,21,10.220
2000,22,8.785
2000,23,8.595
2000,24,9.207
2000,25,9.731
2000,26,10.379
2000,27,10.716
2000,28,10.450
2000,29,9.820
2000,30,9.332
2000,31,8.866
2000,32,8.555
2000,33,8.509
2000,34,8.622
2000,35,8.689
2000,36,8.765
2000,37,8.730
2000,38,8.504
2000,39,8.161
2000,40,7.840
2000,41,7.520
2000,42,7.217
2000,43,6.961
2000,44,6.737
2000,45,6.498
2000,46,6.244
2000,47,6.028
2000,48,5.870
2000,49,5.744
2000,50,5.614
2000,51,5.493
2000,52,5.331
2000,53,5.099
2000,54,4.823
2000,55,4.555
2000,56,4.283
2000,57,4.025
2000,58,3.790
2000,59,3.572
2000,60,3.352
2000,61,3.137
2000,62,2.914
2000,63,2.671
2000,64,2.420
2000,65,2.178
2000,66,1.939
2000,67,1.739
2000,68,1.604
2000,69,1.508
2000,70,1.414
2000,71,1.335
2000,72,1.234
2000,73,1.094
2000,74,0.930
2000,75,0.782
2000,76,0.640
2000,77,0.520
2000,78,0.436
2000,79,0.377
2000,80,0.320
2000,81,0.269
2000,82,0.224
2000,83,0.183
2000,84,0.145
2000,85,0.113
2000,86,0.090
2000,87,0.068
2000,88,0.050
2000,89,0.035
2000,90,0.023
2000,91,0.016
2000,92,0.008
2000,93,0.005
2000,94,0.002
2000,95,0.003
2000,96,0.002
2000,97,0.003
2000,98,0.003
2000,99,0.000
2000,100,0.000
2001,0,35.636
2001,1,36.242
2001,2,35.353
2001,3,34.311
2001,4,33.145
2001,5,31.878
2001,6,30.533
2001,7,29.124
2001,8,27.714
2001,9,26.337
2001,10,25.001
2001,11,23.625
2001,12,22.157
2001,13,20.992
2001,14,20.292
2001,15,19.858
2001,16,19.426
2001,17,19.167
2001,18,18.344
2001,19,16.597
2001,20,14.331
2001,21,12.225
2001,22,10.043
2001,23,8.632
2001,24,8.445
2001,25,9.045
2001,26,9.560
2001,27,10.196
2001,28,10.526
2001,29,10.265
2001,30,9.644
2001,31,9.164
2001,32,8.706
2001,33,8.398
2001,34,8.352
2001,35,8.461
2001,36,8.526
2001,37,8.598
2001,38,8.561
2001,39,8.338
2001,40,8.000
2001,41,7.682
2001,42,7.366
2001,43,7.067
2001,44,6.813
2001,45,6.591
2001,46,6.354
2001,47,6.102
2001,48,5.888
2001,49,5.729
2001,50,5.601
2001,51,5.471
2001,52,5.349
2001,53,5.186
2001,54,4.955
2001,55,4.682
2001,56,4.416
2001,57,4.146
2001,58,3.891
2001,59,3.659
2001,60,3.441
2001,61,3.224
2001,62,3.010
2001,63,2.790
2001,64,2.551
2001,65,2.306
2001,66,2.070
2001,67,1.837
2001,68,1.641
2001,69,1.507
2001,70,1.411
2001,71,1.317
2001,72,1.238
2001,73,1.140
2001,74,1.005
2001,75,0.851
2001,76,0.711
2001,77,0.577
2001,78,0.466
2001,79,0.387
2001,80,0.333
2001,81,0.280
2001,82,0.234
2001,83,0.194
2001,84,0.157
2001,85,0.123
2001,86,0.096
2001,87,0.076
2001,88,0.057
2001,89,0.041
2001,90,0.029
2001,91,0.018
2001,92,0.014
2001,93,0.006
2001,94,0.004
2001,95,0.002
2001,96,0.001
2001,97,0.004
2001,98,0.003
2001,99,0.000
2001,100,0.000
2002,0,34.352
2002,1,34.734
2002,2,35.924
2002,3,35.174
2002,4,34.228
2002,5,33.120
2002,6,31.882
2002,7,30.533
2002,8,29.095
2002,9,27.661
2002,10,26.290
2002,11,24.974
2002,12,23.603
2002,13,22.134
2002,14,20.965
2002,15,20.262
2002,16,19.827
2002,17,19.392
2002,18,19.129
2002,19,18.303
2002,20,16.559
2002,21,14.298
2002,22,12.194
2002,23,10.018
2002,24,8.609
2002,25,8.421
2002,26,9.019
2002,27,9.533
2002,28,10.166
2002,29,10.496
2002,30,10.233
2002,31,9.614
2002,32,9.134
2002,33,8.676
2002,34,8.368
2002,35,8.320
2002,36,8.428
2002,37,8.490
2002,38,8.561
2002,39,8.521
2002,40,8.299
2002,41,7.958
2002,42,7.641
2002,43,7.323
2002,44,7.023
2002,45,6.768
2002,46,6.544
2002,47,6.306
2002,48,6.052
2002,49,5.836
2002,50,5.675
2002,51,5.545
2002,52,5.410
2002,53,5.285
2002,54,5.120
2002,55,4.887
2002,56,4.611
2002,57,4.344
2002,58,4.074
2002,59,3.817
2002,60,3.582
2002,61,3.364
2002,62,3.144
2002,63,2.930
2002,64,2.709
2002,65,2.471
2002,66,2.228
2002,67,1.994
2002,68,1.763
2002,69,1.569
2002,70,1.434
2002,71,1.336
2002,72,1.241
2002,73,1.161
2002,74,1.062
2002,75,0.933
2002,76,0.785
2002,77,0.651
2002,78,0.525
2002,79,0.419
2002,80,0.345
2002,81,0.293
2002,82,0.246
2002,83,0.204
2002,84,0.166
2002,85,0.134
2002,86,0.104
2002,87,0.080
2002,88,0.062
2002,89,0.047
2002,90,0.034
2002,91,0.023
2002,92,0.014
2002,93,0.011
2002,94,0.005
2002,95,0.003
2002,96,0.002
2002,97,0.003
2002,98,0.002
2002,99,0.000
2002,100,0.000
2003,0,33.087
2003,1,34.176
2003,2,34.801
2003,3,35.870
2003,4,35.254
2003,5,34.398
2003,6,33.340
2003,7,32.120
2003,8,30.761
2003,9,29.280
2003,10,27.813
2003,11,26.436
2003,12,25.132
2003,13,23.756
2003,14,22.274
2003,15,21.093
2003,16,20.383
2003,17,19.942
2003,18,19.501
2003,19,19.232
2003,20,18.397
2003,21,16.644
2003,22,14.370
2003,23,12.255
2003,24,10.066
2003,25,8.649
2003,26,8.459
2003,27,9.060
2003,28,9.576
2003,29,10.212
2003,30,10.542
2003,31,10.278
2003,32,9.654
2003,33,9.171
2003,34,8.710
2003,35,8.400
2003,36,8.350
2003,37,8.456
2003,38,8.517
2003,39,8.587
2003,40,8.544
2003,41,8.320
2003,42,7.976
2003,43,7.655
2003,44,7.334
2003,45,7.031
2003,46,6.773
2003,47,6.545
2003,48,6.304
2003,49,6.047
2003,50,5.827
2003,51,5.662
2003,52,5.528
2003,53,5.390
2003,54,5.260
2003,55,5.091
2003,56,4.854
2003,57,4.575
2003,58,4.304
2003,59,4.030
2003,60,3.769
2003,61,3.533
2003,62,3.310
2003,63,3.088
2003,64,2.871
2003,65,2.647
2003,66,2.408
2003,67,2.166
2003,68,1.932
2003,69,1.701
2003,70,1.509
2003,71,1.370
2003,72,1.270
2003,73,1.174
2003,74,1.092
2003,75,0.993
2003,76,0.866
2003,77,0.725
2003,78,0.596
2003,79,0.475
2003,80,0.375
2003,81,0.305
2003,82,0.256
2003,83,0.212
2003,84,0.175
2003,85,0.141
2003,86,0.111
2003,87,0.085
2003,88,0.064
2003,89,0.050
2003,90,0.037
2003,91,0.027
2003,92,0.017
2003,93,0.010
2003,94,0.008
2003,95,0.004
2003,96,0.003
2003,97,0.001
2003,98,0.002
2003,99,0.000
2003,100,0.001
2004,0,31.714
2004,1,33.409
2004,2,34.559
2004,3,35.214
2004,4,35.760
2004,5,35.281
2004,6,34.517
2004,7,33.512
2004,8,32.313
2004,9,30.945
2004,10,29.422
2004,11,27.924
2004,12,26.545
2004,13,25.253
2004,14,23.876
2004,15,22.381
2004,16,21.191
2004,17,20.473
2004,18,20.029
2004,19,19.582
2004,20,19.306
2004,21,18.466
2004,22,16.704
2004,23,14.420
2004,24,12.298
2004,25,10.100
2004,26,8.677
2004,27,8.485
2004,28,9.087
2004,29,9.605
2004,30,10.242
2004,31,10.573
2004,32,10.307
2004,33,9.680
2004,34,9.195
2004,35,8.732
2004,36,8.418
2004,37,8.368
2004,38,8.472
2004,39,8.532
2004,40,8.599
2004,41,8.556
2004,42,8.327
2004,43,7.982
2004,44,7.659
2004,45,7.333
2004,46,7.028
2004,47,6.768
2004,48,6.536
2004,49,6.292
2004,50,6.033
2004,51,5.810
2004,52,5.640
2004,53,5.502
2004,54,5.361
2004,55,5.227
2004,56,5.053
2004,57,4.813
2004,58,4.531
2004,59,4.257
2004,60,3.980
2004,61,3.716
2004,62,3.476
2004,63,3.251
2004,64,3.026
2004,65,2.806
2004,66,2.580
2004,67,2.342
2004,68,2.099
2004,69,1.866
2004,70,1.637
2004,71,1.444
2004,72,1.304
2004,73,1.202
2004,74,1.104
2004,75,1.019
2004,76,0.921
2004,77,0.798
2004,78,0.662
2004,79,0.539
2004,80,0.425
2004,81,0.329
2004,82,0.264
2004,83,0.219
2004,84,0.177
2004,85,0.145
2004,86,0.114
2004,87,0.089
2004,88,0.065
2004,89,0.049
2004,90,0.036
2004,91,0.027
2004,92,0.020
2004,93,0.011
2004,94,0.006
2004,95,0.006
2004,96,0.002
2004,97,0.002
2004,98,0.001
2004,99,0.000
2004,100,0.001
2005,0,30.255
2005,1,32.376
2005,2,33.900
2005,3,34.880
2005,4,35.366
2005,5,35.416
2005,6,35.079
2005,7,34.412
2005,8,33.466
2005,9,32.298
2005,10,30.927
2005,11,29.374
2005,12,27.855
2005,13,26.480
2005,14,25.211
2005,15,23.840
2005,16,22.344
2005,17,21.151
2005,18,20.431
2005,19,19.985
2005,20,19.536
2005,21,19.256
2005,22,18.414
2005,23,16.655
2005,24,14.378
2005,25,12.260
2005,26,10.068
2005,27,8.648
2005,28,8.456
2005,29,9.056
2005,30,9.571
2005,31,10.206
2005,32,10.535
2005,33,10.270
2005,34,9.643
2005,35,9.159
2005,36,8.696
2005,37,8.383
2005,38,8.331
2005,39,8.433
2005,40,8.491
2005,41,8.556
2005,42,8.510
2005,43,8.282
2005,44,7.935
2005,45,7.612
2005,46,7.286
2005,47,6.979
2005,48,6.718
2005,49,6.485
2005,50,6.239
2005,51,5.979
2005,52,5.754
2005,53,5.582
2005,54,5.441
2005,55,5.296
2005,56,5.159
2005,57,4.983
2005,58,4.741
2005,59,4.457
2005,60,4.181
2005,61,3.904
2005,62,3.638
2005,63,3.397
2005,64,3.170
2005,65,2.944
2005,66,2.723
2005,67,2.496
2005,68,2.259
2005,69,2.018
2005,70,1.788
2005,71,1.561
2005,72,1.370
2005,73,1.229
2005,74,1.125
2005,75,1.026
2005,76,0.940
2005,77,0.843
2005,78,0.724
2005,79,0.595
2005,80,0.478
2005,81,0.371
2005,82,0.281
2005,83,0.221
2005,84,0.179
2005,85,0.142
2005,86,0.113
2005,87,0.087
2005,88,0.065
2005,89,0.045
2005,90,0.033
2005,91,0.023
2005,92,0.017
2005,93,0.012
2005,94,0.005
2005,95,0.002
2005,96,0.003
2005,97,0.001
2005,98,0.001
2005,99,0.001
2005,100,0.001
2006,0,29.031
2006,1,30.639
2006,2,32.288
2006,3,33.422
2006,4,34.091
2006,5,34.340
2006,6,34.213
2006,7,33.748
2006,8,33.041
2006,9,32.160
2006,10,31.127
2006,11,29.917
2006,12,28.560
2006,13,27.203
2006,14,25.919
2006,15,24.693
2006,16,23.388
2006,17,21.973
2006,18,20.831
2006,19,20.121
2006,20,19.660
2006,21,19.197
2006,22,18.891
2006,23,18.070
2006,24,16.411
2006,25,14.281
2006,26,12.296
2006,27,10.242
2006,28,8.923
2006,29,8.772
2006,30,9.373
2006,31,9.891
2006,32,10.522
2006,33,10.846
2006,34,10.580
2006,35,9.952
2006,36,9.458
2006,37,8.984
2006,38,8.637
2006,39,8.520
2006,40,8.542
2006,41,8.517
2006,42,8.496
2006,43,8.388
2006,44,8.135
2006,45,7.790
2006,46,7.472
2006,47,7.170
2006,48,6.857
2006,49,6.536
2006,50,6.218
2006,51,5.897
2006,52,5.541
2006,53,5.335
2006,54,5.359
2006,55,5.517
2006,56,5.650
2006,57,5.813
2006,58,5.805
2006,59,5.515
2006,60,5.048
2006,61,4.611
2006,62,4.160
2006,63,3.760
2006,64,3.463
2006,65,3.230
2006,66,2.981
2006,67,2.728
2006,68,2.481
2006,69,2.238
2006,70,2.000
2006,71,1.777
2006,72,1.562
2006,73,1.378
2006,74,1.234
2006,75,1.120
2006,76,1.015
2006,77,0.924
2006,78,0.822
2006,79,0.699
2006,80,0.566
2006,81,0.445
2006,82,0.334
2006,83,0.242
2006,84,0.186
2006,85,0.151
2006,86,0.119
2006,87,0.097
2006,88,0.076
2006,89,0.057
2006,90,0.039
2006,91,0.027
2006,92,0.019
2006,93,0.015
2006,94,0.010
2006,95,0.004
2006,96,0.003
2006,97,0.001
2006,98,0.001
2006,99,0.001
2006,100,0.001
2007,0,27.712
2007,1,30.278
2007,2,30.842
2007,3,32.004
2007,4,32.740
2007,5,33.090
2007,6,33.099
2007,7,32.795
2007,8,32.204
2007,9,31.461
2007,10,30.649
2007,11,29.759
2007,12,28.720
2007,13,27.568
2007,14,26.383
2007,15,25.197
2007,16,24.023
2007,17,22.791
2007,18,21.467
2007,19,20.383
2007,20,19.687
2007,21,19.215
2007,22,18.740
2007,23,18.409
2007,24,17.615
2007,25,16.065
2007,26,14.097
2007,27,12.260
2007,28,10.355
2007,29,9.146
2007,30,9.037
2007,31,9.637
2007,32,10.154
2007,33,10.778
2007,34,11.095
2007,35,10.828
2007,36,10.204
2007,37,9.702
2007,38,9.219
2007,39,8.841
2007,40,8.660
2007,41,8.599
2007,42,8.494
2007,43,8.384
2007,44,8.213
2007,45,7.938
2007,46,7.598
2007,47,7.286
2007,48,7.011
2007,49,6.692
2007,50,6.312
2007,51,5.912
2007,52,5.517
2007,53,5.067
2007,54,4.881
2007,55,5.101
2007,56,5.560
2007,57,5.974
2007,58,6.437
2007,59,6.597
2007,60,6.263
2007,61,5.614
2007,62,5.015
2007,63,4.393
2007,64,3.861
2007,65,3.508
2007,66,3.272
2007,67,3.000
2007,68,2.716
2007,69,2.452
2007,70,2.204
2007,71,1.969
2007,72,1.755
2007,73,1.553
2007,74,1.379
2007,75,1.232
2007,76,1.108
2007,77,0.997
2007,78,0.902
2007,79,0.796
2007,80,0.670
2007,81,0.533
2007,82,0.409
2007,83,0.294
2007,84,0.203
2007,85,0.149
2007,86,0.121
2007,87,0.096
2007,88,0.080
2007,89,0.065
2007,90,0.049
2007,91,0.031
2007,92,0.022
2007,93,0.015
2007,94,0.011
2007,95,0.009
2007,96,0.003
2007,97,0.002
2007,98,0.001
2007,99,0.000
2007,100,0.001
2008,0,26.850
2008,1,29.300
2008,2,31.108
2008,3,30.931
2008,4,31.605
2008,5,31.940
2008,6,31.971
2008,7,31.739
2008,8,31.260
2008,9,30.545
2008,10,29.770
2008,11,29.031
2008,12,28.285
2008,13,27.420
2008,14,26.477
2008,15,25.468
2008,16,24.385
2008,17,23.267
2008,18,22.113
2008,19,20.883
2008,20,19.861
2008,21,19.183
2008,22,18.701
2008,23,18.216
2008,24,17.861
2008,25,17.096
2008,26,15.662
2008,27,13.862
2008,28,12.179
2008,29,10.430
2008,30,9.335
2008,31,9.270
2008,32,9.864
2008,33,10.381
2008,34,10.994
2008,35,11.301
2008,36,11.038
2008,37,10.417
2008,38,9.911
2008,39,9.421
2008,40,9.012
2008,41,8.768
2008,42,8.625
2008,43,8.439
2008,44,8.242
2008,45,8.010
2008,46,7.713
2008,47,7.376
2008,48,7.075
2008,49,6.826
2008,50,6.503
2008,51,6.066
2008,52,5.585
2008,53,5.118
2008,54,4.575
2008,55,4.409
2008,56,4.826
2008,57,5.583
2008,58,6.275
2008,59,7.036
2008,60,7.365
2008,61,6.987
2008,62,6.157
2008,63,5.401
2008,64,4.610
2008,65,3.947
2008,66,3.541
2008,67,3.302
2008,68,3.007
2008,69,2.695
2008,70,2.413
2008,71,2.161
2008,72,1.932
2008,73,1.727
2008,74,1.540
2008,75,1.373
2008,76,1.225
2008,77,1.092
2008,78,0.976
2008,79,0.877
2008,80,0.767
2008,81,0.638
2008,82,0.499
2008,83,0.372
2008,84,0.253
2008,85,0.162
2008,86,0.112
2008,87,0.091
2008,88,0.072
2008,89,0.063
2008,90,0.054
2008,91,0.040
2008,92,0.024
2008,93,0.017
2008,94,0.011
2008,95,0.008
2008,96,0.007
2008,97,0.002
2008,98,0.001
2008,99,0.000
2008,100,0.001
2009,0,27.133
2009,1,29.084
2009,2,30.505
2009,3,31.444
2009,4,31.003
2009,5,31.191
2009,6,31.126
2009,7,30.841
2009,8,30.371
2009,9,29.717
2009,10,28.879
2009,11,28.072
2009,12,27.405
2009,13,26.805
2009,14,26.112
2009,15,25.379
2009,16,24.543
2009,17,23.565
2009,18,22.502
2009,19,21.426
2009,20,20.291
2009,21,19.333
2009,22,18.670
2009,23,18.179
2009,24,17.685
2009,25,17.307
2009,26,16.570
2009,27,15.254
2009,28,13.620
2009,29,12.092
2009,30,10.499
2009,31,9.518
2009,32,9.495
2009,33,10.085
2009,34,10.599
2009,35,11.203
2009,36,11.501
2009,37,11.239
2009,38,10.624
2009,39,10.113
2009,40,9.616
2009,41,9.177
2009,42,8.871
2009,43,8.646
2009,44,8.379
2009,45,8.097
2009,46,7.802
2009,47,7.485
2009,48,7.154
2009,49,6.860
2009,50,6.638
2009,51,6.312
2009,52,5.819
2009,53,5.256
2009,54,4.718
2009,55,4.083
2009,56,3.939
2009,57,4.549
2009,58,5.602
2009,59,6.572
2009,60,7.627
2009,61,8.123
2009,62,7.703
2009,63,6.694
2009,64,5.781
2009,65,4.824
2009,66,4.030
2009,67,3.572
2009,68,3.329
2009,69,3.013
2009,70,2.672
2009,71,2.374
2009,72,2.118
2009,73,1.893
2009,74,1.698
2009,75,1.525
2009,76,1.367
2009,77,1.218
2009,78,1.076
2009,79,0.954
2009,80,0.852
2009,81,0.738
2009,82,0.606
2009,83,0.464
2009,84,0.335
2009,85,0.212
2009,86,0.122
2009,87,0.075
2009,88,0.061
2009,89,0.048
2009,90,0.046
2009,91,0.043
2009,92,0.032
2009,93,0.017
2009,94,0.010
2009,95,0.007
2009,96,0.006
2009,97,0.005
2009,98,0.001
2009,99,0.000
2009,100,0.001
2010,0,28.962
2010,1,29.980
2010,2,30.677
2010,3,31.077
2010,4,31.215
2010,5,31.123
2010,6,30.828
2010,7,30.365
2010,8,29.765
2010,9,29.056
2010,10,28.228
2010,11,27.267
2010,12,26.426
2010,13,25.831
2010,14,25.374
2010,15,24.852
2010,16,24.325
2010,17,23.663
2010,18,22.785
2010,19,21.776
2010,20,20.777
2010,21,19.734
2010,22,18.836
2010,23,18.190
2010,24,17.688
2010,25,17.184
2010,26,16.782
2010,27,16.074
2010,28,14.870
2010,29,13.402
2010,30,12.023
2010,31,10.584
2010,32,9.715
2010,33,9.735
2010,34,10.320
2010,35,10.834
2010,36,11.427
2010,37,11.718
2010,38,11.457
2010,39,10.846
2010,40,10.330
2010,41,9.825
2010,42,9.356
2010,43,8.987
2010,44,8.681
2010,45,8.333
2010,46,7.964
2010,47,7.609
2010,48,7.269
2010,49,6.943
2010,50,6.657
2010,51,6.462
2010,52,6.132
2010,53,5.581
2010,54,4.938
2010,55,4.327
2010,56,3.601
2010,57,3.476
2010,58,4.282
2010,59,5.630
2010,60,6.876
2010,61,8.228
2010,62,8.891
2010,63,8.426
2010,64,7.239
2010,65,6.169
2010,66,5.043
2010,67,4.120
2010,68,3.607
2010,69,3.362
2010,70,3.024
2010,71,2.654
2010,72,2.338
2010,73,2.078
2010,74,1.858
2010,75,1.671
2010,76,1.513
2010,77,1.364
2010,78,1.212
2010,79,1.062
2010,80,0.934
2010,81,0.827
2010,82,0.711
2010,83,0.575
2010,84,0.430
2010,85,0.299
2010,86,0.172
2010,87,0.081
2010,88,0.039
2010,89,0.031
2010,90,0.025
2010,91,0.029
2010,92,0.032
2010,93,0.023
2010,94,0.010
2010,95,0.005
2010,96,0.003
2010,97,0.003
2010,98,0.003
2010,99,0.000
2010,100,0.001
2011,0,32.792
2011,1,29.516
2011,2,30.083
2011,3,30.506
2011,4,30.778
2011,5,30.903
2011,6,30.915
2011,7,30.844
2011,8,30.527
2011,9,29.899
2011,10,29.058
2011,11,28.156
2011,12,27.149
2011,13,26.263
2011,14,25.622
2011,15,25.122
2011,16,24.555
2011,17,23.985
2011,18,23.293
2011,19,22.405
2011,20,21.401
2011,21,20.408
2011,22,19.374
2011,23,18.489
2011,24,17.857
2011,25,17.371
2011,26,16.886
2011,27,16.504
2011,28,15.818
2011,29,14.629
2011,30,13.176
2011,31,11.812
2011,32,10.388
2011,33,9.533
2011,34,9.567
2011,35,10.163
2011,36,10.690
2011,37,11.294
2011,38,11.595
2011,39,11.342
2011,40,10.738
2011,41,10.228
2011,42,9.728
2011,43,9.264
2011,44,8.899
2011,45,8.596
2011,46,8.252
2011,47,7.885
2011,48,7.533
2011,49,7.193
2011,50,6.868
2011,51,6.580
2011,52,6.384
2011,53,6.053
2011,54,5.506
2011,55,4.869
2011,56,4.263
2011,57,3.544
2011,58,3.415
2011,59,4.198
2011,60,5.514
2011,61,6.730
2011,62,8.049
2011,63,8.691
2011,64,8.224
2011,65,7.048
2011,66,5.987
2011,67,4.870
2011,68,3.957
2011,69,3.449
2011,70,3.206
2011,71,2.874
2011,72,2.510
2011,73,2.200
2011,74,1.944
2011,75,1.727
2011,76,1.544
2011,77,1.390
2011,78,1.246
2011,79,1.100
2011,80,0.956
2011,81,0.835
2011,82,0.735
2011,83,0.627
2011,84,0.505
2011,85,0.375
2011,86,0.256
2011,87,0.148
2011,88,0.070
2011,89,0.033
2011,90,0.026
2011,91,0.020
2011,92,0.025
2011,93,0.026
2011,94,0.020
2011,95,0.008
2011,96,0.003
2011,97,0.005
2011,98,0.003
2011,99,0.001
2011,100,0.001
2012,0,38.051
2012,1,35.602
2012,2,29.957
2012,3,30.069
2012,4,30.216
2012,5,30.359
2012,6,30.470
2012,7,30.588
2012,8,30.740
2012,9,30.571
2012,10,29.918
2012,11,28.946
2012,12,27.975
2012,13,26.926
2012,14,25.997
2012,15,25.313
2012,16,24.772
2012,17,24.164
2012,18,23.551
2012,19,22.831
2012,20,21.938
2012,21,20.943
2012,22,19.959
2012,23,18.938
2012,24,18.069
2012,25,17.454
2012,26,16.986
2012,27,16.522
2012,28,16.163
2012,29,15.499
2012,30,14.332
2012,31,12.898
2012,32,11.555
2012,33,10.151
2012,34,9.313
2012,35,9.361
2012,36,9.968
2012,37,10.504
2012,38,11.117
2012,39,11.427
2012,40,11.183
2012,41,10.587
2012,42,10.086
2012,43,9.594
2012,44,9.135
2012,45,8.776
2012,46,8.479
2012,47,8.138
2012,48,7.776
2012,49,7.426
2012,50,7.090
2012,51,6.765
2012,52,6.480
2012,53,6.279
2012,54,5.951
2012,55,5.409
2012,56,4.782
2012,57,4.182
2012,58,3.474
2012,59,3.340
2012,60,4.098
2012,61,5.376
2012,62,6.557
2012,63,7.838
2012,64,8.457
2012,65,7.991
2012,66,6.829
2012,67,5.781
2012,68,4.679
2012,69,3.777
2012,70,3.277
2012,71,3.039
2012,72,2.712
2012,73,2.356
2012,74,2.053
2012,75,1.802
2012,76,1.590
2012,77,1.411
2012,78,1.261
2012,79,1.123
2012,80,0.983
2012,81,0.847
2012,82,0.733
2012,83,0.639
2012,84,0.541
2012,85,0.432
2012,86,0.319
2012,87,0.211
2012,88,0.123
2012,89,0.059
2012,90,0.027
2012,91,0.021
2012,92,0.016
2012,93,0.020
2012,94,0.021
2012,95,0.016
2012,96,0.006
2012,97,0.005
2012,98,0.004
2012,99,0.000
2012,100,0.001
2013,0,43.637
2013,1,39.240
2013,2,35.740
2013,3,30.355
2013,4,30.015
2013,5,29.885
2013,6,29.900
2013,7,29.999
2013,8,30.219
2013,9,30.595
2013,10,30.573
2013,11,29.897
2013,12,28.796
2013,13,27.755
2013,14,26.669
2013,15,25.697
2013,16,24.971
2013,17,24.388
2013,18,23.741
2013,19,23.087
2013,20,22.341
2013,21,21.442
2013,22,20.457
2013,23,19.486
2013,24,18.478
2013,25,17.627
2013,26,17.028
2013,27,16.579
2013,28,16.136
2013,29,15.801
2013,30,15.161
2013,31,14.016
2013,32,12.604
2013,33,11.283
2013,34,9.901
2013,35,9.083
2013,36,9.143
2013,37,9.759
2013,38,10.304
2013,39,10.926
2013,40,11.243
2013,41,11.010
2013,42,10.423
2013,43,9.932
2013,44,9.445
2013,45,8.995
2013,46,8.643
2013,47,8.349
2013,48,8.014
2013,49,7.657
2013,50,7.310
2013,51,6.977
2013,52,6.654
2013,53,6.369
2013,54,6.168
2013,55,5.840
2013,56,5.307
2013,57,4.688
2013,58,4.096
2013,59,3.398
2013,60,3.261
2013,61,3.992
2013,62,5.233
2013,63,6.375
2013,64,7.618
2013,65,8.213
2013,66,7.747
2013,67,6.601
2013,68,5.568
2013,69,4.482
2013,70,3.593
2013,71,3.102
2013,72,2.867
2013,73,2.547
2013,74,2.200
2013,75,1.904
2013,76,1.658
2013,77,1.450
2013,78,1.277
2013,79,1.131
2013,80,0.999
2013,81,0.865
2013,82,0.737
2013,83,0.630
2013,84,0.543
2013,85,0.454
2013,86,0.359
2013,87,0.263
2013,88,0.167
2013,89,0.098
2013,90,0.047
2013,91,0.022
2013,92,0.015
2013,93,0.012
2013,94,0.014
2013,95,0.017
2013,96,0.012
2013,97,0.004
2013,98,0.005
2013,99,0.000
2013,100,0.001
2014,0,48.078
2014,1,42.385
2014,2,37.862
2014,3,34.391
2014,4,30.801
2014,5,30.008
2014,6,29.604
2014,7,29.491
2014,8,29.576
2014,9,29.900
2014,10,30.499
2014,11,30.624
2014,12,29.923
2014,13,28.692
2014,14,27.582
2014,15,26.453
2014,16,25.439
2014,17,24.670
2014,18,24.046
2014,19,23.357
2014,20,22.661
2014,21,21.887
2014,22,20.982
2014,23,20.007
2014,24,19.044
2014,25,18.050
2014,26,17.213
2014,27,16.632
2014,28,16.200
2014,29,15.778
2014,30,15.465
2014,31,14.848
2014,32,13.723
2014,33,12.331
2014,34,11.030
2014,35,9.668
2014,36,8.866
2014,37,8.941
2014,38,9.567
2014,39,10.122
2014,40,10.752
2014,41,11.079
2014,42,10.854
2014,43,10.276
2014,44,9.793
2014,45,9.314
2014,46,8.870
2014,47,8.522
2014,48,8.234
2014,49,7.903
2014,50,7.551
2014,51,7.206
2014,52,6.874
2014,53,6.555
2014,54,6.270
2014,55,6.066
2014,56,5.740
2014,57,5.211
2014,58,4.602
2014,59,4.017
2014,60,3.329
2014,61,3.187
2014,62,3.894
2014,63,5.097
2014,64,6.204
2014,65,7.411
2014,66,7.982
2014,67,7.517
2014,68,6.385
2014,69,5.364
2014,70,4.293
2014,71,3.416
2014,72,2.932
2014,73,2.701
2014,74,2.386
2014,75,2.048
2014,76,1.758
2014,77,1.516
2014,78,1.315
2014,79,1.144
2014,80,1.004
2014,81,0.876
2014,82,0.750
2014,83,0.628
2014,84,0.528
2014,85,0.448
2014,86,0.369
2014,87,0.287
2014,88,0.207
2014,89,0.123
2014,90,0.073
2014,91,0.036
2014,92,0.016
2014,93,0.010
2014,94,0.007
2014,95,0.010
2014,96,0.011
2014,97,0.009
2014,98,0.002
2014,99,0.001
2014,100,0.001
2015,0,50.359
2015,1,44.430
2015,2,39.684
2015,3,36.003
2015,4,33.256
2015,5,31.323
2015,6,30.076
2015,7,29.395
2015,8,29.154
2015,9,29.226
2015,10,29.655
2015,11,30.478
2015,12,30.751
2015,13,30.022
2015,14,28.659
2015,15,27.476
2015,16,26.303
2015,17,25.244
2015,18,24.429
2015,19,23.763
2015,20,23.030
2015,21,22.291
2015,22,21.487
2015,23,20.574
2015,24,19.605
2015,25,18.649
2015,26,17.665
2015,27,16.842
2015,28,16.276
2015,29,15.861
2015,30,15.458
2015,31,15.167
2015,32,14.571
2015,33,13.465
2015,34,12.087
2015,35,10.804
2015,36,9.459
2015,37,8.672
2015,38,8.760
2015,39,9.398
2015,40,9.964
2015,41,10.606
2015,42,10.941
2015,43,10.725
2015,44,10.155
2015,45,9.678
2015,46,9.205
2015,47,8.766
2015,48,8.423
2015,49,8.139
2015,50,7.812
2015,51,7.462
2015,52,7.120
2015,53,6.790
2015,54,6.471
2015,55,6.185
2015,56,5.980
2015,57,5.653
2015,58,5.130
2015,59,4.527
2015,60,3.947
2015,61,3.268
2015,62,3.121
2015,63,3.805
2015,64,4.974
2015,65,6.049
2015,66,7.221
2015,67,7.771
2015,68,7.305
2015,69,6.184
2015,70,5.174
2015,71,4.114
2015,72,3.247
2015,73,2.769
2015,74,2.541
2015,75,2.232
2015,76,1.900
2015,77,1.617
2015,78,1.379
2015,79,1.181
2015,80,1.015
2015,81,0.879
2015,82,0.756
2015,83,0.635
2015,84,0.521
2015,85,0.428
2015,86,0.354
2015,87,0.284
2015,88,0.216
2015,89,0.152
2015,90,0.079
2015,91,0.048
2015,92,0.025
2015,93,0.010
2015,94,0.005
2015,95,0.003
2015,96,0.005
2015,97,0.006
2015,98,0.005
2015,99,0.000
2015,100,0.001
2016,0,49.443
2016,1,48.702
2016,2,43.736
2016,3,39.608
2016,4,36.253
2016,5,33.599
2016,6,31.526
2016,7,29.909
2016,8,28.951
2016,9,28.685
2016,10,28.884
2016,11,29.323
2016,12,30.098
2016,13,30.326
2016,14,29.557
2016,15,28.161
2016,16,26.945
2016,17,25.737
2016,18,24.658
2016,19,23.840
2016,20,23.185
2016,21,22.465
2016,22,21.742
2016,23,20.958
2016,24,20.067
2016,25,19.121
2016,26,18.191
2016,27,17.237
2016,28,16.441
2016,29,15.897
2016,30,15.500
2016,31,15.117
2016,32,14.844
2016,33,14.268
2016,34,13.185
2016,35,11.829
2016,36,10.568
2016,37,9.245
2016,38,8.473
2016,39,8.568
2016,40,9.209
2016,41,9.775
2016,42,10.419
2016,43,10.755
2016,44,10.545
2016,45,9.984
2016,46,9.513
2016,47,9.046
2016,48,8.612
2016,49,8.274
2016,50,7.991
2016,51,7.667
2016,52,7.320
2016,53,6.979
2016,54,6.651
2016,55,6.334
2016,56,6.047
2016,57,5.838
2016,58,5.512
2016,59,4.999
2016,60,4.408
2016,61,3.841
2016,62,3.176
2016,63,3.025
2016,64,3.672
2016,65,4.783
2016,66,5.807
2016,67,6.924
2016,68,7.441
2016,69,6.980
2016,70,5.887
2016,71,4.902
2016,72,3.870
2016,73,3.027
2016,74,2.565
2016,75,2.347
2016,76,2.052
2016,77,1.737
2016,78,1.467
2016,79,1.243
2016,80,1.057
2016,81,0.902
2016,82,0.776
2016,83,0.665
2016,84,0.554
2016,85,0.451
2016,86,0.367
2016,87,0.302
2016,88,0.241
2016,89,0.182
2016,90,0.127
2016,91,0.065
2016,92,0.039
2016,93,0.021
2016,94,0.009
2016,95,0.004
2016,96,0.005
2016,97,0.006
2016,98,0.005
2016,99,0.000
2016,100,0.001
